id,title,overview
1,The Dark Knight Rises,"Eight years after the Joker's reign of anarchy, Batman, with the help of the enigmatic Catwoman, is forced from his exile to save Gotham City from the brutal guerrilla terrorist Bane."
2,Inception,"A thief who steals corporate secrets through the use of dream-sharing technology is given the inverse task of planting an idea into the mind of a C.E.O."
3,Interstellar,"A team of explorers travel through a wormhole in space in an attempt to ensure humanity's survival."
4,Pulp Fiction,"The lives of two mob hitmen, a boxer, a gangster and his wife, and a pair of diner bandits intertwine in four tales of violence and redemption."
5,The Shawshank Redemption,"Two imprisoned men bond over a number of years, finding solace and eventual redemption through acts of common decency."
6,The Godfather,"The aging patriarch of an organized crime dynasty transfers control of his clandestine empire to his reluctant son."
7,Schindler's List,"In German-occupied Poland during World War II, industrialist Oskar Schindler gradually becomes concerned for his Jewish workforce after witnessing their persecution by the Nazis."
8,Forrest Gump,"The presidencies of Kennedy and Johnson, the events of Vietnam, Watergate, and other historical events unfold through the perspective of an Alabama man with an IQ of 75."
9,The Matrix,"A computer hacker learns from mysterious rebels about the true nature of his reality and his role in the war against its controllers."
10,Fight Club,"An insomniac office worker and a devil-may-care soapmaker form an underground fight club that evolves into something much, much more."
